{
	"member": [
		{
			"kind": "member",
			"type": "number",
			"name": "distance",
			"memberof": "ElementData",
			"scope": "instance"
		},
		{
			"kind": "member",
			"type": "string",
			"name": "type",
			"memberof": "ElementData",
			"scope": "instance"
		},
		{
			"kind": "member",
			"type": "number",
			"name": "y",
			"memberof": "ElementData",
			"scope": "instance"
		}
	],
	"function": [],
	"globalMember": [],
	"globalFunction": [],
	"class": {
		"kind": "interface",
		"name": "ElementData",
		"memberof": "",
		"filename": "E:\\game\\flybird\\FlappyBird@zxcx0101\\flaapy_bird_2\\src\\gameObject\\Barrier.ts"
	}
}